Patient,rs6669795,rs7527051,rs12140539,rs2250402,rs9509213,rs12142199,rs9782908,CHOL
M11060904,2,3,3,2,3,3,3,21.9174365
M11050508,2,3,3,3,2,3,3,21.87839875
M11080306,3,3,3,3,3,3,3,21.78021072
M11050408,3,3,3,3,3,3,3,21.73582605
M11051112,2,2,2,2,3,3,3,21.73340968
M11072307,2,3,3,2,2,2,3,21.72951341
M11051908,3,3,3,3,3,3,3,21.68331517
M11061602,2,3,3,2,3,2,3,21.63946638
M11081714,3,3,3,2,2,3,3,21.632564
M11081706,3,3,3,2,2,3,3,21.62958149
M11062202,3,3,3,2,2,3,3,21.60613374
M11062902,3,3,2,2,2,3,3,21.59848556
M11060114,2,2,2,3,3,3,3,21.56490688
M11051108,3,3,3,3,2,3,3,21.54378156
M11052503,3,3,3,2,3,2,3,21.53480066
M11052505,3,3,3,3,3,3,3,21.520286
M11050514,2,3,3,1,2,3,3,21.51142443
M11050402,3,3,2,2,2,3,3,21.50221948
M11073012,2,3,3,1,3,3,3,21.50121714
M11052812,3,3,3,3,3,3,3,21.46532309
M11073016,3,3,3,1,3,3,3,21.45511819
M11081711,3,3,3,3,3,3,3,21.45384365
M11062912,3,2,2,3,3,3,3,21.45021269
M11072319,3,3,3,3,3,2,3,21.44884781
M11062205,3,3,3,3,2,3,3,21.44175351
M11061605,3,3,3,2,3,3,3,21.43854934
M11071307,3,3,3,2,2,3,3,21.437209
M11070603,2,3,3,2,3,3,3,21.43441144
M11073002,3,2,2,3,2,2,3,21.42736461
M11050407,2,2,2,1,2,3,3,21.42584088
M11082402,2,3,3,3,3,3,3,21.42577537
M11060906,3,3,3,3,3,3,3,21.42056665
M11062907,1,2,2,2,3,3,3,21.42033123
M11082009,3,3,3,2,2,3,3,21.41753499
M11052813,2,3,3,1,2,3,3,21.4025482
M11050401,2,3,3,3,3,2,3,21.3998336
M11080307,2,1,1,3,2,3,3,21.39637987
M11072308,1,3,3,1,3,3,3,21.39124843
M11060112,3,3,3,2,3,1,3,21.38903647
M11071310,2,3,3,3,2,3,3,21.38889103
M11051901,3,3,3,2,3,3,3,21.38154659
M11070604,3,3,3,2,3,3,3,21.38086795
M11073015,2,3,3,2,3,3,3,21.38043279
M11082401,2,3,3,3,3,3,3,21.37910383
M11062203,3,3,3,2,2,2,3,21.37792329
M11081306,2,2,2,2,3,3,3,21.37282989
M11052803,1,3,3,3,3,3,3,21.37122652
M11061608,2,3,3,2,3,3,3,21.36837726
M11051107,2,3,3,3,3,3,3,21.36774398
M11072711,2,3,3,3,3,3,3,21.36497413
M11052504,2,3,3,3,2,3,3,21.36270635
M11082407,3,3,2,2,2,3,3,21.36202962
M11060207,3,3,3,3,2,3,3,21.36106045
M11052506,2,3,3,1,2,3,3,21.3559554
M11082013,3,3,3,2,2,3,3,21.35378445
M11081710,3,2,2,2,2,3,3,21.35171873
M11050507,3,3,3,3,3,3,3,21.34762169
M11070608,3,3,3,2,3,2,3,21.33980526
M11082008,2,3,3,3,3,3,3,21.333488
M11061609,2,3,3,2,2,3,3,21.33238221
M11050502,3,3,3,1,3,3,3,21.3306903
M11072313,3,3,3,3,3,1,3,21.32540819
M11082405,2,3,3,2,3,3,3,21.32372565
M11060905,2,3,3,3,3,2,3,21.32157186
M11081301,2,3,3,3,3,2,3,21.32017504
M11060903,2,2,2,3,2,3,3,21.31356976
M11052817,1,2,2,2,3,3,3,21.29447333
M11061607,3,3,3,3,3,3,3,21.27750545
M11060103,1,3,3,3,3,3,3,21.26889338
M11082005,3,3,3,3,3,2,3,21.26684654
M11051807,2,3,3,2,2,2,3,21.2621666
M11072312,2,3,3,3,3,3,3,21.26137551
M11062207,2,3,3,2,3,2,3,21.26089553
M11081316,2,3,3,2,3,3,3,21.25619134
M11072316,2,1,1,1,3,3,3,21.25405986
M11072318,2,3,3,3,3,2,3,21.25374469
M11051802,1,3,3,3,3,3,3,21.24740153
M11060917,3,2,2,3,3,3,3,21.24207609
M11081707,2,3,3,2,2,3,3,21.24006763
M11072010,3,2,2,3,3,2,3,21.23823744
M11052508,3,3,3,2,2,3,3,21.23567207
M11070609,3,2,2,3,2,3,3,21.23395342
M11082012,2,3,3,3,3,3,3,21.23285438
M11051105,1,2,2,3,3,3,3,21.22790486
M11072704,3,3,3,2,2,3,3,21.22662766
M11060901,3,2,2,3,2,2,3,21.22434097
M11060913,2,2,2,2,3,3,3,21.22429003
M11070607,2,3,3,2,2,3,3,21.22422656
M11062215,1,3,3,1,2,3,3,21.21851605
M11082018,2,3,3,3,3,3,3,21.2172096
M11072303,2,3,3,2,3,2,3,21.2154153
M11072322,3,2,2,3,3,2,3,21.21529972
M11061510,3,3,3,2,2,1,3,21.21520536
M11073009,3,3,2,3,3,3,3,21.20896384
M11060912,3,3,3,2,2,3,3,21.20853024
M11072317,2,2,2,2,2,3,3,21.20813054
M11072009,3,3,3,3,3,3,3,21.20109204
M11062510,2,3,3,3,2,3,3,21.19662341
M11061511,3,3,3,2,3,3,3,21.1898797
M11060104,1,2,2,3,2,3,3,21.18738348
M11071309,1,3,3,2,3,3,3,21.18555293
M11073017,3,3,3,2,3,3,3,21.17597668
M11081303,2,3,2,3,3,3,3,21.17588903
M11061503,3,3,3,3,3,2,3,21.17526083
M11072011,2,2,2,3,3,3,3,21.17301902
M11070610,2,2,2,2,2,3,3,21.17161784
M11051911,2,2,2,3,1,3,3,21.16945723
M11050411,2,2,2,2,3,3,3,21.16921466
M11051206,3,3,3,3,3,3,3,21.16724952
M11081713,2,3,3,3,2,3,3,21.16588587
M11060918,2,3,3,3,2,2,3,21.16416476
M11072706,3,3,3,2,3,3,3,21.16035931
M11052509,3,3,3,3,2,3,3,21.15852586
M11062901,3,3,3,3,2,3,3,21.15847354
M11060919,3,3,3,3,1,3,3,21.15775902
M11051801,3,3,3,2,3,3,3,21.15692895
M11072301,3,1,1,2,2,3,3,21.15612005
M11081314,3,2,2,3,2,3,3,21.15322383
M11071304,2,2,2,2,3,3,3,21.15119806
M11081308,3,3,3,3,2,2,3,21.15049418
M11062210,3,3,3,3,3,2,3,21.15021664
M11051204,3,3,3,3,2,3,3,21.14956376
M11050512,2,2,2,3,2,3,3,21.14804427
M11060107,1,2,2,3,2,2,3,21.14673774
M11060202,3,3,3,2,2,3,3,21.14523915
M11081704,2,2,2,2,1,3,3,21.14463426
M11070602,3,3,3,2,2,2,3,21.14280751
M11060111,3,3,3,2,3,2,3,21.14170773
M11073004,2,3,3,3,3,2,3,21.1407698
M11050509,3,2,2,3,2,3,3,21.13646685
M11073014,1,3,3,3,3,3,3,21.1309545
M11062214,3,2,2,3,3,3,3,21.12541433
M11072321,3,2,2,3,3,2,3,21.12488145
M11072702,3,2,2,3,3,3,3,21.12112726
M11060205,2,3,3,3,2,3,3,21.12006323
M11073003,3,3,3,3,3,3,3,21.11983416
M11081304,3,3,3,2,2,3,3,21.11500837
M11082019,2,3,3,3,3,3,3,21.11140282
M11082016,2,2,2,2,3,3,3,21.11119012
M11060920,3,2,2,2,2,3,3,21.10413703
M11081310,3,3,3,2,3,2,3,21.09650254
M11050505,3,1,1,3,3,3,3,21.0953723
M11050405,2,3,3,2,3,3,3,21.09404304
M11062504,3,3,3,2,2,3,3,21.09330252
M11051205,2,3,3,3,3,3,3,21.09271567
M11081311,1,3,3,2,2,2,3,21.0901952
M11081709,3,3,3,2,3,3,3,21.08884786
M11050416,2,3,3,3,3,3,3,21.08860473
M11072306,2,2,2,2,2,3,3,21.08631596
M11052501,1,2,2,3,2,2,3,21.08400877
M11062906,3,3,3,2,3,3,3,21.07955253
M11051207,2,3,3,3,3,3,3,21.0773581
M11050415,2,2,2,1,3,3,3,21.07106111
M11062914,2,3,3,3,2,3,3,21.07074158
M11062908,3,2,2,2,3,3,3,21.07070606
M11051806,2,3,3,2,2,3,3,21.07023219
M11051904,1,3,3,3,3,3,3,21.06808461
M11062913,2,2,2,3,3,3,3,21.06234437
M11051805,1,3,3,3,2,3,3,21.06069428
M11081705,2,3,3,3,3,3,3,21.05962455
M11052810,3,2,2,3,1,3,3,21.05937102
M11050406,2,3,3,3,3,3,3,21.05813472
M11061509,3,3,3,3,3,2,3,21.05677326
M11073013,2,3,3,3,3,2,3,21.05594124
M11050504,3,2,2,3,2,3,3,21.05387734
M11052802,3,3,3,2,1,3,3,21.05271792
M11050413,3,3,3,3,2,2,3,21.04853271
M11051102,1,2,2,3,3,3,3,21.04003821
M11073011,3,2,2,3,1,3,3,21.03755933
M11051101,3,3,3,2,2,3,3,21.03596116
M11050515,3,3,3,2,2,3,3,21.03512754
M11072304,3,3,3,3,3,3,3,21.03272067
M11052806,3,3,3,3,3,3,3,21.02884693
M11050510,1,3,3,3,3,3,3,21.02869302
M11060110,3,2,2,3,2,2,3,21.02669041
M11072001,3,3,3,3,3,2,3,21.02581993
M11051804,2,3,3,3,3,3,3,21.017508
M11072004,3,3,3,1,2,3,3,21.01630576
M11060909,2,2,2,3,2,3,3,21.01620742
M11051209,2,3,3,2,3,3,3,21.01583611
M11051103,2,2,2,3,1,3,3,21.01508966
M11072707,1,2,2,3,2,3,3,21.01141728
M11060206,3,2,2,3,3,3,3,21.01122546
M11062208,1,3,3,3,2,3,3,21.00925169
M11080302,2,3,2,3,3,3,3,21.00877882
M11070606,3,3,3,2,2,3,3,21.00595087
M11051906,3,3,3,2,3,3,3,21.00466937
M11061601,3,3,3,2,2,3,3,21.00425133
M11072709,2,3,3,3,2,3,3,20.99894533
M11073010,3,3,3,1,1,3,3,20.99460095
M11050410,3,3,3,2,3,3,3,20.99457586
M11060113,2,3,3,3,3,3,3,20.99023198
M11060923,3,3,3,3,1,3,3,20.98800009
M11072302,2,2,2,1,3,3,3,20.98712118
M11051202,2,3,3,3,3,3,3,20.98533768
M11081315,3,2,2,3,2,1,3,20.984641
M11071306,3,1,1,3,3,3,3,20.98402543
M11051106,2,2,2,1,2,3,3,20.98308768
M11062522,1,2,2,2,3,3,3,20.98131621
M11050403,2,3,3,3,2,3,3,20.978577
M11060201,1,3,3,3,3,3,3,20.97467167
M11060109,3,3,2,3,2,3,3,20.97461362
M11050404,1,3,3,3,3,3,3,20.96777573
M11051907,2,2,2,3,3,3,3,20.9674063
M11082003,3,2,2,3,3,3,3,20.96239347
M11051114,1,2,2,2,3,3,3,20.95542258
M11082021,3,2,2,2,2,3,3,20.95367873
M11071302,2,3,3,3,3,3,3,20.95239411
M11062512,2,2,2,3,3,2,3,20.94952511
M11051903,3,3,3,1,2,3,3,20.94841878
M11071305,3,3,3,2,2,3,3,20.94810262
M11082011,1,2,2,2,2,3,3,20.93983289
M11062905,3,3,3,3,3,2,3,20.93578779
M11072314,3,3,3,3,3,2,3,20.93372434
M11062517,3,2,2,3,2,3,3,20.93283556
M11062206,3,3,3,3,1,2,3,20.93253705
M11072311,3,3,3,2,2,3,3,20.92857532
M11052811,2,2,3,3,3,3,3,20.9269205
M11062524,2,3,3,3,2,3,3,20.92558201
M11072002,2,3,3,3,2,3,3,20.9238221
M11071308,2,2,2,1,2,3,3,20.921623
M11061604,3,2,2,3,2,2,3,20.92119494
M11081307,3,1,1,3,3,3,3,20.91880251
M11073001,3,3,3,2,3,3,3,20.91524099
M11072708,2,3,3,2,3,3,3,20.9132916
M11081305,3,2,2,3,3,3,3,20.91273204
M11071303,2,3,2,3,2,3,3,20.91052516
M11080305,3,2,2,2,3,3,3,20.90557854
M11082404,2,3,2,3,1,3,3,20.90295196
M11051109,2,3,3,3,2,3,3,20.90187279
M11052805,3,2,2,3,2,3,3,20.89914953
M11060203,2,3,3,1,1,3,3,20.8975608
M11072323,3,2,2,3,3,2,3,20.89704267
M11081703,3,2,2,3,3,3,3,20.89611821
M11073006,3,3,3,2,3,3,3,20.89534805
M11061506,3,2,2,3,2,2,3,20.8946441
M11051110,3,3,3,3,3,3,3,20.8930208
M11060102,2,3,3,3,2,3,3,20.88958346
M11060914,3,1,1,3,3,2,3,20.8845353
M11051803,3,2,2,2,2,3,3,20.88276901
M11052807,2,2,2,3,2,2,3,20.87707554
M11062518,1,1,1,3,3,1,3,20.87657667
M11073019,2,3,3,3,2,2,3,20.87428034
M11062904,3,3,3,3,2,3,3,20.87339179
M11072701,3,3,3,3,2,2,3,20.87185163
M11081715,2,3,3,3,2,3,3,20.87165495
M11072309,2,2,2,3,3,3,3,20.87112165
M11051203,2,3,3,3,2,3,3,20.86751375
M11050414,2,3,3,3,1,3,3,20.86384803
M11062505,2,2,2,3,3,3,3,20.86033501
M11072320,3,3,3,3,2,3,3,20.85779282
M11062501,3,3,3,3,3,2,3,20.85575851
M11060105,3,2,2,3,3,2,3,20.85278763
M11082001,1,3,3,3,1,3,3,20.84275796
M11050513,3,3,3,2,1,3,3,20.83678066
M11052816,2,2,2,3,1,3,3,20.8334312
M11082010,2,2,2,2,2,3,3,20.83143301
M11070605,1,1,1,2,2,3,3,20.82348619
M11062511,3,2,2,2,3,3,3,20.82281023
M11050501,3,3,3,2,3,3,3,20.82004013
M11062909,2,3,3,3,1,3,3,20.8131446
M11052502,2,3,3,3,2,3,3,20.81057506
M11072006,3,2,2,3,3,3,3,20.80796143
M11060911,3,1,1,3,1,2,3,20.80748496
M11061505,2,2,2,2,3,3,3,20.79951839
M11082004,1,3,3,3,1,3,3,20.79335646
M11051115,2,2,2,3,2,3,3,20.79232848
M11060907,3,2,2,3,2,3,3,20.79186639
M11062516,2,1,1,3,2,3,3,20.79153323
M11070601,2,2,2,3,3,2,3,20.78152152
M11072705,3,3,2,3,3,3,3,20.78012289
M11062213,3,3,3,2,2,1,3,20.77822675
M11060204,2,3,3,3,3,3,3,20.77344652
M11061508,2,3,3,3,1,3,3,20.77116142
M11082409,2,3,3,3,2,3,3,20.7693289
M11081712,2,3,3,2,3,3,3,20.76746182
M11082007,3,3,3,3,3,3,3,20.76363921
M11062515,3,2,2,3,2,2,3,20.76111065
M11060916,3,3,3,3,2,2,3,20.75981459
M11072003,3,3,3,3,1,3,3,20.75826712
M11061606,2,1,1,3,2,3,3,20.75213196
M11082015,2,1,1,3,3,3,3,20.74513369
M11050506,1,3,3,2,2,3,3,20.74404401
M11062507,3,1,1,3,2,3,3,20.73992251
M11051113,3,3,3,2,3,3,3,20.73980266
M11051910,3,2,2,3,2,3,3,20.73093754
M11082403,2,2,2,3,2,3,3,20.7268014
M11052814,2,3,3,3,3,3,3,20.72251316
M11062204,3,2,2,3,1,3,3,20.71904924
M11072007,1,2,2,3,3,3,3,20.7055727
M11052801,3,3,3,3,3,3,3,20.70221479
M11060902,2,3,3,3,1,3,3,20.69969823
M11052507,3,2,2,3,1,3,3,20.68892569
M11062211,2,3,3,3,1,2,3,20.68355743
M11060908,2,3,3,3,1,3,3,20.67672391
M11062509,3,2,2,3,2,2,3,20.65847074
M11072710,3,2,2,3,2,3,3,20.6344746
M11072305,2,3,3,3,3,3,3,20.63082372
M11072008,3,3,3,3,2,3,3,20.63001073
M11062911,2,2,2,2,1,3,3,20.59361688
M11082410,2,3,3,3,1,3,3,20.57866602
M11082406,2,3,3,3,2,3,3,20.5760296
M11062523,3,2,2,3,2,3,3,20.56332034
M11082014,1,1,1,3,3,2,3,20.56303993
M11050409,1,3,3,3,2,3,3,20.55603841
M11060108,3,1,1,3,2,3,3,20.5167718
M11081702,1,3,3,2,2,3,3,20.50876029
M11051201,2,2,2,3,2,3,3,20.50833147
M11073008,1,3,3,3,2,3,3,20.49838442
M11050516,2,1,1,3,3,3,3,20.48946937
M11072703,1,3,3,3,3,3,3,20.47987634
M11052808,1,2,2,3,3,3,3,20.46694225
M11081312,1,2,2,3,1,2,3,20.45243741
M11052809,2,2,2,3,2,3,3,20.41450968
M11061507,3,1,1,3,2,3,3,20.39926877
M11082006,3,2,2,3,3,3,3,20.3988496
M11062910,2,2,2,3,2,2,3,20.3568531
M11060915,2,3,3,3,2,3,3,20.35208138